,count,mean,std,min,25%,50%,75%,max
bat_landing_to_food,907.0,11.713133940775084,27.644409680199587,0.010238211,1.0,4.0,11.5,443.0
seconds_after_rat_arrival,907.0,282.877618522602,240.97491789563486,0.0,89.5,206.0,446.5,949.0
risk,907.0,0.49503858875413453,0.5002512323010876,0.0,0.0,0.0,1.0,1.0
reward,907.0,0.5336273428886439,0.4991431576997453,0.0,0.0,1.0,1.0,1.0
hours_after_sunset,907.0,5.531862979273429,2.414146393146927,-0.261666667,3.7790277775,5.622777778,7.4027777775,12.09194444
